{"matrix": [[0.00596795710758877, -0.008502174483713586, -0.7587097347199199], [-0.004129348614826195, 0.00777943688095043, -0.15781416365339077], [0.0010215726800982346, -0.003571313231944985, 0.6318662482373236]], "calibration_points": [[640, 360], [640, 360], [640, 360], [640, 360]], "timestamp": "2026-01-01T00:22:31.662747"}